[{
  "_id": {
    "$oid": "61922b11e27e0754af6fee9a"
  },
  "user_id": 28,
  "image": {
    "$oid": "61922b11e27e0754af6fee98"
  },
  "comment": "profile picture",
  "created_at": {
    "$date": "2021-11-15T09:40:33.786Z"
  }
},{
  "_id": {
    "$oid": "61922c1ce27e0754af6fee9d"
  },
  "user_id": 29,
  "image": {
    "$oid": "61922c1ce27e0754af6fee9b"
  },
  "comment": "profile picture",
  "created_at": {
    "$date": "2021-11-15T09:45:00.644Z"
  }
},{
  "_id": {
    "$oid": "61922ce5e27e0754af6feea0"
  },
  "user_id": 30,
  "image": {
    "$oid": "61922ce5e27e0754af6fee9e"
  },
  "comment": "profile picture",
  "created_at": {
    "$date": "2021-11-15T09:48:21.139Z"
  }
},{
  "_id": {
    "$oid": "6194ec256ef5948c1f49260a"
  },
  "user_id": 31,
  "image": {
    "$oid": "6194ec246ef5948c1f492608"
  },
  "comment": "profile picture",
  "created_at": {
    "$date": "2021-11-17T11:48:52.668Z"
  }
}]